Staff ID,Department,Shift Duration (Hours),Patient Load,Workdays per Month,Satisfaction Score,Overtime Hours,Years of Experience,Previous Satisfaction Rating,Absenteeism (Days)
S00000,Pediatrics,10,9,17,1.56,11,17,3.44,3
S00001,General Medicine,12,17,22,2.78,4,9,3.19,2
S00002,ER,8,21,19,3.5,8,10,2.0,3
S00003,Pediatrics,8,22,24,2.96,8,10,2.37,2
S00004,Pediatrics,8,12,21,2.61,9,7,4.41,4
S00005,General Medicine,8,17,18,4.98,18,16,3.24,4
S00006,ER,8,23,18,4.52,0,18,3.06,4
S00007,ER,8,7,22,3.49,6,6,1.4,1
S00008,Pediatrics,8,12,28,3.28,3,1,1.06,2
S00009,ICU,10,6,22,3.48,0,1,4.85,1
S00010,Pediatrics,12,12,16,1.81,14,12,2.51,3
S00011,Pediatrics,8,17,28,2.58,7,2,3.41,1
S00012,Pediatrics,10,17,16,1.16,11,4,1.32,3
S00013,Pediatrics,10,5,17,2.9,17,17,3.73,3
S00014,General Medicine,12,10,29,3.17,14,4,4.73,3
S00015,ER,8,23,26,1.91,16,11,3.3,1
S00016,General Medicine,12,20,26,4.86,13,4,1.5,2
S00017,General Medicine,8,12,17,4.64,13,1,3.33,1
S00018,General Medicine,10,5,15,3.89,17,7,4.07,2
S00019,Pediatrics,10,20,29,3.13,19,18,2.63,2
S00020,ICU,10,13,28,4.48,17,9,4.52,3
S00021,ER,10,17,17,1.52,15,3,3.59,1
S00022,ICU,12,15,20,4.16,0,8,4.6,2
S00023,General Medicine,8,17,22,1.5,10,19,3.49,4
S00024,General Medicine,8,14,27,4.18,14,4,1.53,2
S00025,ICU,12,8,26,2.1,11,18,2.24,4
S00026,ICU,8,10,28,4.51,7,11,1.81,1
S00027,ICU,10,11,24,4.78,19,14,4.64,1
S00028,General Medicine,8,9,20,1.6,5,18,4.04,1
S00029,General Medicine,10,15,19,2.85,2,16,3.71,2
S00030,ER,12,17,29,4.92,12,3,2.2,0
S00031,ER,8,23,18,2.93,12,15,1.74,2
S00032,General Medicine,12,14,17,4.45,1,4,4.03,2
S00033,ICU,8,14,27,3.35,4,5,2.9,3
S00034,ICU,10,15,18,2.5,16,17,1.9,3
S00035,ER,12,11,28,2.14,5,7,3.47,2
S00036,General Medicine,8,22,21,1.81,1,16,1.16,4
S00037,ER,10,8,15,4.05,3,14,2.3,3
S00038,ER,12,6,21,2.55,10,16,2.87,2
S00039,Pediatrics,12,18,15,3.05,7,7,1.59,0
S00040,Pediatrics,8,17,16,2.97,11,9,4.94,4
S00041,Pediatrics,8,16,29,3.31,7,4,1.84,1
S00042,ICU,8,11,18,4.46,10,11,1.52,2
S00043,General Medicine,10,6,15,4.92,19,2,1.81,2
S00044,General Medicine,8,17,25,2.63,7,12,4.08,4
S00045,General Medicine,12,18,26,4.31,7,12,2.7,3
S00046,General Medicine,12,21,25,4.06,16,4,3.26,3
S00047,Pediatrics,8,13,29,3.29,19,18,1.08,3
S00048,ICU,8,21,25,4.82,19,7,1.14,1
S00049,ICU,12,12,23,1.8,15,1,2.78,4
S00050,Pediatrics,10,6,26,1.44,13,13,4.27,4
S00051,ICU,8,17,20,4.42,10,6,4.54,3
S00052,Pediatrics,8,7,27,2.76,6,6,1.35,3
S00053,General Medicine,12,20,15,4.39,15,12,3.15,0
S00054,Pediatrics,8,10,15,4.57,12,8,4.65,0
S00055,General Medicine,10,23,20,1.25,14,19,2.55,2
S00056,General Medicine,12,11,18,4.53,15,5,4.32,2
S00057,ER,8,14,18,2.79,8,18,1.53,4
S00058,Pediatrics,12,13,29,3.04,2,5,4.74,4
S00059,ER,8,6,25,3.51,18,10,4.01,1
S00060,Pediatrics,8,19,29,4.71,19,1,4.77,1
S00061,Pediatrics,8,9,20,1.08,4,10,3.71,0
S00062,ER,10,8,29,2.91,9,5,2.45,2
S00063,ER,10,24,28,3.75,16,12,4.75,0
S00064,Pediatrics,12,8,26,3.89,14,7,2.1,0
S00065,ICU,8,22,25,3.77,7,9,2.33,2
S00066,General Medicine,8,8,21,1.54,14,12,3.8,1
S00067,ER,10,21,23,2.2,13,1,4.06,2
S00068,General Medicine,8,16,24,2.43,19,11,4.72,3
S00069,ICU,10,21,19,4.22,6,15,1.82,3
S00070,ICU,8,14,23,2.12,11,2,4.19,3
S00071,ICU,12,5,18,1.84,16,7,3.95,4
S00072,ER,8,22,27,4.83,16,12,1.26,1
S00073,ICU,8,22,24,1.04,9,18,2.55,1
S00074,ER,10,18,16,4.99,18,3,2.13,4
S00075,ICU,8,19,17,3.71,13,7,2.22,0
S00076,General Medicine,8,16,27,4.31,10,11,4.93,3
S00077,General Medicine,10,8,25,2.18,1,18,3.57,3
S00078,Pediatrics,12,7,15,1.06,17,12,3.87,0
S00079,General Medicine,12,24,28,3.95,6,6,4.91,2
S00080,Pediatrics,10,16,28,4.34,11,5,2.51,2
S00081,General Medicine,10,11,20,3.96,1,1,4.21,1
S00082,ER,10,15,27,1.57,19,12,2.74,4
S00083,General Medicine,10,5,20,4.01,17,11,4.48,1
S00084,Pediatrics,10,10,15,4.08,5,4,1.72,2
S00085,Pediatrics,12,19,25,3.63,9,18,4.79,0
S00086,ICU,12,19,27,4.06,19,4,1.88,1
S00087,ER,10,23,17,4.38,14,17,2.3,3
S00088,General Medicine,8,15,19,3.45,4,2,4.02,3
S00089,ICU,10,6,17,1.35,19,2,2.58,0
S00090,General Medicine,8,18,24,2.95,2,12,3.43,2
S00091,General Medicine,10,6,17,1.31,4,6,2.78,3
S00092,ICU,10,8,28,2.63,7,10,3.97,3
S00093,ICU,12,21,24,2.63,7,16,1.91,4
S00094,ICU,8,7,17,1.26,7,14,1.23,1
S00095,ICU,8,17,19,2.4,11,7,2.2,2
S00096,ICU,12,13,27,1.44,7,19,2.9,1
S00097,General Medicine,12,11,19,4.23,10,17,1.67,2
S00098,ICU,12,19,18,4.79,13,9,2.42,3
S00099,ER,12,15,15,1.29,7,13,2.6,4
S00100,Pediatrics,8,24,19,4.82,9,5,1.23,1
S00101,ICU,8,6,24,3.09,6,5,3.33,3
S00102,ICU,10,19,19,2.2,16,10,4.54,2
S00103,General Medicine,10,18,18,1.31,3,10,1.61,1
S00104,ICU,12,24,20,3.0,12,7,3.39,1
S00105,ICU,12,15,24,4.18,3,15,3.66,3
S00106,ICU,12,7,18,3.83,4,7,2.68,1
S00107,General Medicine,10,21,28,1.2,3,15,3.8,4
S00108,ICU,10,16,21,1.29,17,3,2.64,4
S00109,Pediatrics,10,19,21,2.61,5,19,3.02,3
S00110,General Medicine,10,20,16,2.18,1,10,1.03,2
S00111,Pediatrics,10,9,17,1.93,10,15,3.77,3
S00112,General Medicine,10,24,15,2.12,13,3,3.65,4
S00113,ICU,10,10,22,4.21,4,6,1.15,0
S00114,Pediatrics,12,23,23,4.72,5,12,2.47,0
S00115,General Medicine,12,9,18,2.62,9,15,4.92,1
S00116,ER,12,7,20,4.62,7,6,2.68,1
S00117,ICU,12,5,23,2.29,13,13,3.01,0
S00118,General Medicine,10,10,20,2.91,2,19,4.64,4
S00119,ER,8,19,28,1.9,11,3,3.87,1
S00120,General Medicine,10,6,26,3.56,15,8,3.33,3
S00121,ER,8,7,26,4.92,16,8,4.19,3
S00122,ICU,12,21,26,3.41,0,15,4.46,4
S00123,Pediatrics,10,16,23,2.43,9,4,2.83,1
S00124,ER,12,22,29,3.59,9,19,2.9,3
S00125,General Medicine,10,19,18,1.49,1,3,2.54,1
S00126,ICU,12,16,22,4.55,8,13,4.87,1
S00127,ER,8,20,23,3.01,12,8,3.79,3
S00128,General Medicine,8,12,18,2.8,15,16,1.33,0
S00129,General Medicine,8,18,19,3.34,17,13,4.45,3
S00130,General Medicine,10,21,28,3.5,18,3,2.92,4
S00131,ER,8,12,22,1.29,11,16,1.28,2
S00132,ER,10,19,26,3.73,7,9,3.2,3
S00133,ER,8,18,24,1.97,16,14,2.67,1
S00134,Pediatrics,8,22,28,3.86,14,13,4.51,1
S00135,ER,10,24,20,4.29,9,7,1.82,3
S00136,ER,10,11,26,4.22,14,15,4.31,2
S00137,ER,8,7,21,3.21,14,7,3.23,3
S00138,Pediatrics,10,16,17,3.08,6,6,1.22,2
S00139,ER,8,7,21,1.57,12,2,4.89,2
S00140,General Medicine,10,24,26,4.1,16,9,3.05,4
S00141,ER,12,18,28,2.09,8,17,2.16,1
S00142,General Medicine,12,19,22,2.99,7,5,2.88,1
S00143,General Medicine,12,18,24,2.14,19,12,4.43,2
S00144,General Medicine,12,11,20,1.54,17,1,2.22,1
S00145,Pediatrics,12,21,29,3.52,12,10,1.77,0
S00146,Pediatrics,8,16,24,1.22,15,11,1.52,2
S00147,Pediatrics,12,24,23,3.99,8,16,2.19,1
S00148,ER,12,8,27,2.27,11,14,4.12,0
S00149,General Medicine,12,13,20,1.0,11,8,2.89,4
S00150,Pediatrics,12,10,26,3.04,5,17,1.91,1
S00151,Pediatrics,10,20,23,1.19,18,18,1.66,0
S00152,ER,8,6,27,2.1,6,12,2.33,3
S00153,Pediatrics,12,12,18,3.83,2,17,4.76,3
S00154,ER,12,15,22,1.25,15,14,2.37,0
S00155,ICU,12,17,25,4.36,17,16,4.95,2
S00156,Pediatrics,8,21,18,1.02,15,14,2.94,2
S00157,ICU,10,12,16,1.99,6,9,1.72,1
S00158,ER,8,22,24,3.96,3,4,4.56,3
S00159,General Medicine,10,22,25,2.27,7,11,2.84,2
S00160,Pediatrics,12,18,23,1.41,12,6,3.84,2
S00161,ER,12,19,19,2.44,12,15,4.93,3
S00162,General Medicine,8,10,18,2.08,16,5,1.2,4
S00163,General Medicine,8,15,16,4.37,16,11,1.39,2
S00164,ICU,10,17,15,2.25,4,18,3.88,0
S00165,ER,10,5,25,4.16,5,13,2.13,1
S00166,General Medicine,8,10,21,4.57,18,11,1.74,2
S00167,Pediatrics,10,13,20,2.74,12,14,1.16,2
S00168,Pediatrics,8,12,29,4.64,13,18,1.09,4
S00169,ICU,10,15,29,2.51,3,19,4.1,0
S00170,General Medicine,8,23,16,4.86,6,15,1.54,1
S00171,ER,8,13,22,1.36,7,9,2.87,2
S00172,Pediatrics,8,21,25,3.75,12,8,3.42,1
S00173,General Medicine,10,16,18,2.98,5,1,2.71,3
S00174,General Medicine,10,18,22,2.55,5,4,1.11,2
S00175,ICU,10,19,29,3.53,2,14,4.13,2
S00176,Pediatrics,8,20,21,3.82,2,2,1.04,3
S00177,Pediatrics,10,24,19,1.02,12,16,4.05,4
S00178,ER,10,5,24,1.67,1,3,4.57,2
S00179,Pediatrics,8,14,24,3.85,15,8,2.73,1
S00180,ER,12,12,26,3.67,5,6,3.14,0
S00181,Pediatrics,8,22,22,4.86,7,16,2.91,1
S00182,ICU,10,5,28,4.04,7,16,2.56,4
S00183,Pediatrics,8,6,23,4.8,5,7,4.55,0
S00184,ER,12,5,19,3.81,13,13,4.58,1
S00185,ER,8,5,24,2.19,2,13,2.34,1
S00186,ICU,10,13,19,1.42,9,5,3.46,3
S00187,Pediatrics,12,17,16,4.13,2,18,4.71,4
S00188,Pediatrics,10,5,19,3.58,11,15,4.85,3
S00189,ICU,12,17,17,1.19,16,18,3.04,0
S00190,Pediatrics,12,24,21,2.44,4,2,2.81,3
S00191,Pediatrics,8,11,24,4.83,19,10,2.11,4
S00192,ER,8,6,19,3.0,8,13,4.84,2
S00193,Pediatrics,10,10,22,2.73,19,18,1.57,2
S00194,Pediatrics,8,11,15,2.83,6,15,3.32,0
S00195,ICU,8,18,17,1.84,3,12,2.13,2
S00196,ICU,12,22,17,2.47,12,15,2.12,3
S00197,General Medicine,8,19,23,2.48,12,13,2.62,0
S00198,ER,12,6,19,1.21,9,18,5.0,4
S00199,Pediatrics,12,14,26,4.07,17,15,1.22,0
S00200,Pediatrics,12,16,23,2.67,16,11,3.31,0
S00201,General Medicine,10,21,27,4.29,19,19,1.33,1
S00202,Pediatrics,10,12,23,4.4,19,3,1.62,1
S00203,ER,10,15,15,1.85,12,7,2.76,0
S00204,General Medicine,12,7,16,3.63,16,14,3.04,2
S00205,ER,10,10,19,2.89,3,14,2.04,1
S00206,General Medicine,10,13,18,4.52,0,13,2.27,4
S00207,General Medicine,8,10,29,1.86,0,12,1.35,3
S00208,ICU,10,13,24,3.71,14,9,2.21,1
S00209,ER,10,11,23,3.43,12,1,4.87,0
S00210,Pediatrics,12,13,21,2.18,16,19,4.78,2
S00211,Pediatrics,12,22,20,1.55,7,11,2.34,3
S00212,ER,12,16,21,3.61,17,19,3.28,1
S00213,Pediatrics,12,12,15,3.95,12,18,4.64,2
S00214,Pediatrics,12,12,15,2.26,13,12,1.02,2
S00215,ER,12,22,22,3.58,7,1,4.24,2
S00216,General Medicine,10,24,27,2.58,7,19,4.79,0
S00217,ER,12,19,27,3.85,14,17,1.37,4
S00218,General Medicine,12,11,16,1.8,12,5,1.65,2
S00219,Pediatrics,8,15,26,4.56,6,3,4.84,3
S00220,Pediatrics,10,24,24,2.15,4,2,3.15,1
S00221,Pediatrics,10,20,25,2.47,16,3,1.06,3
S00222,ICU,10,8,23,1.23,15,8,2.03,0
S00223,General Medicine,12,10,21,1.45,1,16,2.8,0
S00224,ICU,12,7,20,3.06,17,6,3.77,3
S00225,ICU,12,13,15,2.07,16,13,3.93,4
S00226,ER,8,14,15,4.34,6,16,4.98,0
S00227,ICU,12,18,16,1.06,12,16,2.15,0
S00228,ER,8,15,20,2.52,17,3,3.15,3
S00229,ER,10,22,28,2.35,13,13,3.13,0
S00230,ICU,12,16,20,1.08,17,14,2.62,4
S00231,General Medicine,8,16,16,1.5,12,8,1.68,4
S00232,General Medicine,8,17,15,2.65,10,12,4.91,4
S00233,General Medicine,12,17,24,2.97,15,8,4.41,1
S00234,General Medicine,10,23,19,2.62,16,9,2.99,4
S00235,General Medicine,10,23,19,3.12,7,1,3.41,4
S00236,ICU,10,18,16,3.38,18,6,1.91,1
S00237,ICU,8,8,20,1.04,19,19,3.18,2
S00238,Pediatrics,8,17,23,2.86,14,11,3.78,0
S00239,General Medicine,8,12,16,4.85,8,11,3.06,4
S00240,ICU,8,23,24,3.08,19,13,4.96,0
S00241,Pediatrics,10,16,16,3.71,9,11,3.45,3
S00242,General Medicine,12,22,17,2.25,11,18,2.48,0
S00243,ER,8,10,27,4.1,19,15,4.09,1
S00244,Pediatrics,8,22,21,4.09,0,1,1.68,0
S00245,ICU,10,23,20,3.09,19,7,2.54,0
S00246,ER,12,9,26,4.9,8,13,2.39,0
S00247,ER,12,13,22,1.5,14,12,2.73,2
S00248,ER,10,7,29,1.07,0,18,4.13,2
S00249,Pediatrics,10,14,22,4.08,11,19,2.94,3
S00250,ICU,12,23,20,4.23,2,15,4.18,1
S00251,ER,8,7,26,1.48,10,8,3.31,0
S00252,General Medicine,12,19,25,2.06,1,19,2.37,0
S00253,ER,10,5,24,1.07,15,10,4.24,0
S00254,ER,8,11,17,2.17,8,7,1.95,0
S00255,Pediatrics,8,16,17,4.09,14,18,1.9,2
S00256,Pediatrics,10,21,29,3.07,11,16,3.02,3
S00257,ICU,10,24,15,2.39,0,6,2.04,4
S00258,General Medicine,10,9,21,2.49,12,9,1.04,1
S00259,Pediatrics,12,8,19,1.01,13,13,3.59,0
S00260,ER,12,16,18,2.2,7,8,3.04,3
S00261,ICU,8,24,24,3.59,7,16,2.78,4
S00262,ER,10,22,29,4.9,11,13,4.87,3
S00263,ER,8,21,18,4.39,0,13,3.28,2
S00264,Pediatrics,8,23,28,1.09,10,17,4.45,4
S00265,ICU,8,13,18,4.59,7,5,1.56,3
S00266,General Medicine,8,8,20,4.13,9,17,3.28,2
S00267,General Medicine,10,6,29,4.12,18,9,4.47,3
S00268,Pediatrics,8,8,22,2.83,10,2,3.33,3
S00269,Pediatrics,10,6,22,2.59,6,18,3.87,4
S00270,ICU,10,19,19,2.21,10,9,2.49,2
S00271,General Medicine,12,6,29,1.26,16,6,1.37,0
S00272,General Medicine,10,8,20,1.91,0,11,2.83,1
S00273,General Medicine,12,10,18,1.99,7,6,2.58,4
S00274,ER,10,11,26,2.94,5,6,4.47,2
S00275,General Medicine,10,14,28,3.99,17,13,1.98,3
S00276,ER,10,23,25,2.9,5,11,4.87,2
S00277,ICU,12,23,27,1.23,4,14,4.83,1
S00278,ER,12,16,23,4.83,12,2,1.99,1
S00279,ICU,8,7,22,4.77,18,8,2.39,0
S00280,General Medicine,12,17,24,4.14,7,3,4.58,0
S00281,General Medicine,12,22,26,4.97,8,3,4.87,1
S00282,ICU,12,12,24,3.18,16,1,2.77,4
S00283,Pediatrics,12,19,15,4.85,2,19,2.28,4
S00284,ICU,8,5,29,1.3,18,18,3.1,3
S00285,Pediatrics,12,7,16,2.46,10,17,3.75,0
S00286,ER,10,12,23,1.9,16,13,2.09,3
S00287,ER,10,8,22,1.78,18,3,3.95,0
S00288,ER,12,20,28,1.56,1,1,1.21,1
S00289,General Medicine,12,14,17,3.49,7,4,1.2,4
S00290,ER,10,16,22,4.13,18,13,2.55,4
S00291,Pediatrics,10,18,26,3.31,6,17,2.41,1
S00292,ER,8,18,15,1.59,16,11,2.26,3
S00293,ICU,10,6,24,4.24,5,2,2.96,3
S00294,ICU,10,9,18,3.54,18,16,2.28,2
S00295,General Medicine,12,9,17,2.55,5,2,1.77,0
S00296,ICU,10,10,20,3.7,1,19,2.24,3
S00297,Pediatrics,8,17,21,2.04,5,19,4.9,1
S00298,ER,10,13,18,2.38,4,16,2.64,3
S00299,General Medicine,12,19,21,4.67,18,19,2.78,4
S00300,ER,12,18,23,2.16,19,9,3.31,0
S00301,ER,10,11,25,2.88,3,1,4.93,2
S00302,Pediatrics,12,24,16,4.56,16,10,1.97,0
S00303,ICU,8,6,25,3.83,10,19,3.73,4
S00304,ICU,8,11,17,1.25,3,1,3.86,4
S00305,ER,10,10,19,1.59,12,2,3.43,4
S00306,General Medicine,10,21,17,1.03,19,16,1.35,4
S00307,ICU,10,6,25,3.52,16,12,3.71,1
S00308,General Medicine,12,7,22,2.79,8,8,1.26,2
S00309,ICU,8,9,26,1.54,3,18,3.38,4
S00310,General Medicine,8,9,24,4.83,13,2,3.96,4
S00311,Pediatrics,12,5,22,3.12,18,13,1.84,3
S00312,General Medicine,8,12,22,1.97,2,6,4.37,2
S00313,Pediatrics,10,16,26,3.0,13,6,1.12,0
S00314,Pediatrics,10,8,26,3.72,7,9,4.38,2
S00315,General Medicine,10,17,23,1.3,0,16,2.84,2
S00316,Pediatrics,8,19,18,2.1,9,11,1.87,2
S00317,ER,10,15,19,4.23,17,7,1.54,4
S00318,Pediatrics,12,14,19,2.84,15,10,4.81,4
S00319,ICU,12,7,22,3.19,7,10,1.29,1
S00320,General Medicine,8,18,21,2.73,0,18,1.8,0
S00321,ER,12,20,23,1.18,11,9,2.39,3
S00322,General Medicine,12,14,29,1.66,7,15,3.48,2
S00323,ICU,8,14,29,2.78,15,4,3.18,0
S00324,ICU,10,16,28,1.84,17,8,1.5,0
S00325,ICU,10,13,22,1.2,3,9,2.16,1
S00326,Pediatrics,10,5,16,4.37,5,13,1.96,3
S00327,Pediatrics,8,9,24,4.92,11,9,1.85,2
S00328,General Medicine,12,24,26,4.17,8,4,2.64,3
S00329,General Medicine,10,12,18,4.42,14,17,3.82,1
S00330,ER,10,15,20,1.97,15,16,1.87,4
S00331,ER,8,16,26,4.84,11,15,2.47,0
S00332,General Medicine,10,5,16,1.79,13,3,2.56,2
S00333,Pediatrics,8,24,21,4.81,12,5,4.91,4
S00334,ICU,12,15,17,4.98,1,5,4.82,1
S00335,General Medicine,8,9,27,3.85,2,15,4.2,3
S00336,ER,8,19,17,4.92,9,18,1.97,0
S00337,Pediatrics,8,9,25,3.28,8,15,1.27,2
S00338,General Medicine,8,16,16,2.04,19,2,2.27,4
S00339,General Medicine,12,9,25,2.75,7,13,2.07,4
S00340,Pediatrics,12,21,22,3.37,9,4,3.02,0
S00341,General Medicine,10,21,20,1.29,18,10,4.11,3
S00342,Pediatrics,12,16,15,3.49,2,13,4.43,1
S00343,ICU,12,19,26,4.92,4,10,4.38,3
S00344,Pediatrics,10,19,15,1.76,2,9,2.44,3
S00345,Pediatrics,12,10,21,4.17,15,8,3.75,3
S00346,Pediatrics,8,16,22,4.63,16,3,2.25,0
S00347,General Medicine,8,24,19,4.77,14,16,1.24,0
S00348,General Medicine,10,22,26,4.84,2,14,3.81,1
S00349,Pediatrics,10,18,25,3.09,11,9,1.04,3
S00350,General Medicine,10,6,19,4.91,8,11,2.64,0
S00351,ER,8,13,18,4.03,11,3,2.32,1
S00352,ER,12,9,28,1.65,14,5,3.77,1
S00353,General Medicine,8,24,20,2.91,1,10,4.06,3
S00354,General Medicine,10,5,28,3.87,17,13,2.22,2
S00355,Pediatrics,12,7,20,1.99,19,4,4.25,3
S00356,ICU,12,10,17,3.56,11,13,2.18,2
S00357,General Medicine,8,9,23,3.67,3,12,2.79,1
S00358,ER,10,9,26,1.65,15,5,3.91,0
S00359,Pediatrics,8,5,25,3.26,15,10,3.77,4
S00360,General Medicine,12,21,28,4.09,0,9,4.95,1
S00361,ER,8,23,21,3.0,1,7,1.9,0
S00362,ER,8,18,15,1.05,2,2,3.65,1
S00363,ICU,10,16,29,1.04,19,7,3.44,3
S00364,Pediatrics,10,14,27,2.43,16,8,4.66,2
S00365,Pediatrics,12,24,21,4.7,19,7,1.63,1
S00366,ICU,8,22,19,1.91,0,14,4.01,0
S00367,ICU,8,15,19,3.54,19,19,3.27,3
S00368,Pediatrics,8,6,28,1.89,5,5,2.1,4
S00369,Pediatrics,12,22,27,2.29,14,18,2.9,3
S00370,General Medicine,12,11,16,4.39,13,12,2.34,2
S00371,General Medicine,10,19,18,3.92,19,17,3.32,3
S00372,ICU,10,15,26,1.38,14,13,4.56,4
S00373,General Medicine,10,22,20,2.71,13,2,3.28,0
S00374,ER,8,16,24,1.12,4,13,3.53,1
S00375,General Medicine,8,10,29,2.92,5,7,3.07,2
S00376,General Medicine,10,24,25,3.65,16,10,1.2,4
S00377,ER,8,17,21,1.47,10,6,1.93,2
S00378,ICU,10,24,25,2.16,15,3,2.97,3
S00379,ER,12,20,19,2.59,11,3,2.24,2
S00380,General Medicine,10,22,23,4.68,14,18,1.73,4
S00381,ICU,12,14,17,4.97,3,11,3.02,1
S00382,General Medicine,8,12,15,1.18,17,5,2.29,1
S00383,ER,10,22,18,4.04,2,19,2.03,2
S00384,ER,8,5,23,2.49,7,19,2.86,0
S00385,General Medicine,12,12,18,2.57,2,15,1.53,2
S00386,Pediatrics,12,10,16,4.02,7,16,4.71,3
S00387,Pediatrics,12,9,24,4.67,17,9,4.47,1
S00388,ER,8,19,28,4.8,9,4,3.83,1
S00389,ER,8,19,28,3.31,19,15,1.42,1
S00390,Pediatrics,8,6,19,2.43,16,12,4.1,0
S00391,Pediatrics,8,5,17,4.15,7,3,4.23,0
S00392,General Medicine,12,15,27,2.0,10,14,4.07,4
S00393,General Medicine,12,14,26,3.26,4,17,1.46,2
S00394,Pediatrics,10,22,27,2.43,12,19,3.58,2
S00395,General Medicine,10,22,23,3.63,4,6,4.34,3
S00396,General Medicine,8,21,18,1.96,12,4,3.31,1
S00397,ICU,12,12,20,1.77,5,7,3.59,0
S00398,General Medicine,12,19,16,4.67,4,19,2.83,3
S00399,ER,12,12,20,1.41,8,17,3.11,3
S00400,General Medicine,10,21,17,3.02,15,16,1.14,0
S00401,General Medicine,10,16,26,1.88,1,15,3.56,2
S00402,Pediatrics,12,12,26,1.16,0,8,1.33,1
S00403,ER,12,18,23,1.14,7,19,2.74,2
S00404,General Medicine,12,8,25,1.7,18,8,2.17,3
S00405,General Medicine,10,5,16,4.47,10,18,3.18,1
S00406,ICU,12,5,29,2.13,11,16,1.53,4
S00407,General Medicine,12,23,26,4.8,11,19,3.77,3
S00408,General Medicine,8,20,26,3.33,6,10,4.18,2
S00409,ICU,8,18,23,2.75,12,17,1.65,2
S00410,Pediatrics,10,20,19,3.32,7,13,1.42,2
S00411,General Medicine,12,9,22,3.07,8,13,1.58,0
S00412,ICU,12,13,16,4.04,6,7,4.51,3
S00413,ER,8,6,20,2.13,14,10,3.11,1
S00414,Pediatrics,10,22,17,2.41,1,2,2.87,2
S00415,ER,8,10,26,4.58,19,4,1.43,2
S00416,ER,8,13,26,4.79,11,6,3.6,0
S00417,ICU,8,5,28,4.57,0,18,4.47,1
S00418,General Medicine,8,13,24,2.68,7,6,4.31,3
S00419,ICU,12,20,19,4.12,4,17,3.5,4
S00420,ICU,12,17,26,2.91,14,14,1.3,0
S00421,ICU,8,13,22,2.99,0,11,1.45,3
S00422,ICU,10,17,24,1.82,0,19,1.2,4
S00423,Pediatrics,10,13,28,3.36,9,2,2.03,2
S00424,General Medicine,10,15,15,1.74,9,3,1.54,2
S00425,ER,10,8,19,2.33,14,11,2.04,1
S00426,ER,8,6,17,4.42,16,6,2.54,4
S00427,General Medicine,12,10,18,1.83,5,14,4.77,2
S00428,ER,10,18,16,1.28,2,19,3.44,2
S00429,General Medicine,8,8,23,1.28,12,16,4.34,1
S00430,ER,10,10,17,4.76,15,7,3.84,3
S00431,ICU,10,23,29,3.03,7,8,1.45,2
S00432,ER,8,10,16,2.64,14,19,3.94,0
S00433,General Medicine,12,6,24,4.24,16,16,2.1,0
S00434,General Medicine,12,22,25,4.34,16,7,3.56,3
S00435,General Medicine,8,17,23,2.33,12,9,2.36,4
S00436,General Medicine,12,13,21,3.77,16,13,4.99,1
S00437,General Medicine,8,23,20,4.08,5,1,2.05,0
S00438,Pediatrics,8,17,15,3.62,16,8,2.12,0
S00439,Pediatrics,8,15,19,1.61,15,4,4.72,3
S00440,ER,12,5,26,4.5,13,3,1.1,4
S00441,General Medicine,8,11,25,3.16,12,3,3.79,4
S00442,ER,10,19,28,2.13,5,13,3.9,3
S00443,General Medicine,12,5,29,2.7,2,8,4.35,0
S00444,General Medicine,12,16,25,1.15,13,7,4.9,1
S00445,Pediatrics,12,11,17,1.51,13,1,4.9,0
S00446,Pediatrics,12,19,15,4.06,14,16,1.26,4
S00447,ICU,10,23,18,1.0,7,6,4.29,0
S00448,Pediatrics,12,5,27,2.67,14,7,3.59,1
S00449,ICU,12,21,16,3.09,12,12,3.59,2
S00450,ICU,8,21,16,1.22,16,9,1.51,0
S00451,ICU,12,7,17,4.89,2,11,3.6,3
S00452,ICU,10,16,22,1.9,5,10,4.93,2
S00453,ICU,10,10,22,2.22,4,1,4.65,3
S00454,ER,10,15,26,2.22,16,18,2.76,3
S00455,Pediatrics,10,7,29,1.92,1,4,1.16,3
S00456,ICU,12,12,21,1.01,14,5,2.45,0
S00457,General Medicine,12,18,20,3.92,4,9,4.31,4
S00458,Pediatrics,10,18,23,4.87,19,17,3.81,2
S00459,Pediatrics,10,14,18,1.9,5,3,2.84,1
S00460,ICU,12,6,26,3.65,5,16,1.22,4
S00461,ER,10,18,15,3.97,17,5,2.71,0
S00462,ICU,8,13,22,4.39,17,16,2.88,3
S00463,ER,10,7,21,2.69,3,3,4.71,1
S00464,General Medicine,10,12,21,2.21,16,15,3.56,2
S00465,Pediatrics,8,20,29,2.3,13,3,2.25,4
S00466,General Medicine,8,6,17,3.85,13,14,3.1,4
S00467,ER,12,10,18,4.27,12,16,1.26,1
S00468,ER,12,16,24,1.73,6,17,4.89,0
S00469,General Medicine,8,9,23,2.48,11,18,2.44,2
S00470,ER,8,6,29,4.61,14,18,2.91,1
S00471,General Medicine,12,20,20,4.23,18,14,2.42,3
S00472,Pediatrics,10,9,29,4.94,10,18,3.73,2
S00473,General Medicine,8,19,29,4.02,14,15,3.65,4
S00474,Pediatrics,12,16,19,2.57,11,15,3.86,1
S00475,General Medicine,10,8,17,3.36,2,6,2.07,4
S00476,ER,8,19,23,3.64,16,15,2.26,4
S00477,General Medicine,10,15,19,1.31,2,18,1.5,4
S00478,ER,12,20,19,3.18,18,4,3.62,0
S00479,General Medicine,8,10,28,3.84,19,8,1.16,4
S00480,General Medicine,10,18,18,1.67,3,15,3.39,3
S00481,ICU,8,22,28,4.12,2,3,4.48,3
S00482,ER,10,16,18,3.34,15,15,4.56,2
S00483,ICU,12,15,26,4.81,11,13,2.8,4
S00484,ER,12,17,15,1.17,7,9,2.84,4
S00485,ICU,8,15,21,2.06,16,2,1.31,1
S00486,Pediatrics,10,20,23,3.41,6,8,3.68,0
S00487,General Medicine,8,19,17,2.19,10,17,4.29,2
S00488,ER,8,19,26,3.86,17,13,1.98,4
S00489,ER,10,8,27,4.04,0,1,2.69,1
S00490,General Medicine,10,15,29,1.41,2,2,4.36,0
S00491,ER,10,23,16,3.06,3,15,4.51,2
S00492,ER,12,19,17,3.04,12,12,1.97,2
S00493,ICU,8,8,15,2.48,5,14,3.2,4
S00494,ER,8,17,20,4.73,13,2,1.77,2
S00495,Pediatrics,12,23,25,4.31,4,18,1.41,1
S00496,Pediatrics,10,6,25,3.79,15,7,4.64,2
S00497,General Medicine,12,18,21,3.86,14,6,4.28,3
S00498,ER,12,8,25,2.85,14,14,4.04,1
S00499,General Medicine,12,20,25,4.68,3,8,1.2,0
S00500,Pediatrics,8,24,16,3.78,7,2,4.37,0
S00501,ER,12,18,22,3.92,15,17,2.75,4
S00502,ER,8,19,28,4.45,15,5,2.37,4
S00503,General Medicine,8,7,20,2.1,3,14,3.19,3
S00504,Pediatrics,8,12,28,4.23,12,3,1.37,0
S00505,ER,10,20,18,1.78,12,5,4.03,0
S00506,General Medicine,8,14,19,2.38,1,16,3.33,0
S00507,Pediatrics,8,8,22,2.34,2,18,1.75,0
S00508,General Medicine,10,22,28,4.91,7,17,1.75,2
S00509,ICU,8,6,17,4.43,14,11,1.74,1
S00510,ER,12,21,17,3.8,10,17,1.23,1
S00511,ICU,12,17,28,3.91,8,16,3.35,3
S00512,Pediatrics,8,8,29,3.25,6,2,4.36,2
S00513,ICU,10,15,28,4.79,12,4,1.07,0
S00514,ICU,12,11,25,2.99,1,7,1.2,0
S00515,Pediatrics,10,16,18,2.52,7,2,3.29,4
S00516,General Medicine,10,14,15,1.65,6,6,4.28,4
S00517,ICU,12,11,23,4.14,11,17,2.31,3
S00518,General Medicine,10,17,22,3.94,18,7,2.4,0
S00519,ICU,12,11,22,2.54,6,5,3.39,3
S00520,General Medicine,10,21,28,1.1,9,5,2.1,2
S00521,Pediatrics,12,14,24,4.36,15,16,1.11,1
S00522,ICU,8,14,20,1.05,2,19,3.94,0
S00523,Pediatrics,12,8,21,3.81,9,9,3.5,2
S00524,ICU,12,24,20,4.88,5,5,3.32,0
S00525,Pediatrics,12,8,23,2.75,17,8,3.97,4
S00526,Pediatrics,12,11,17,1.94,17,9,3.7,3
S00527,ICU,10,5,28,3.82,4,5,1.82,4
S00528,ICU,8,16,17,4.27,6,10,2.41,1
S00529,ICU,12,17,17,3.19,1,2,1.5,4
S00530,ER,10,14,24,4.87,10,9,1.52,0
S00531,General Medicine,8,19,17,1.21,12,11,3.7,4
S00532,ER,8,17,23,3.02,4,4,4.43,0
S00533,ER,8,13,26,3.87,5,2,4.85,1
S00534,Pediatrics,8,13,18,4.45,13,6,3.51,4
S00535,ICU,12,19,27,1.72,11,14,1.74,3
S00536,General Medicine,12,14,21,4.2,3,1,1.42,3
S00537,Pediatrics,10,14,28,3.21,5,18,4.25,3
S00538,ER,10,12,29,2.59,9,7,3.32,4
S00539,ICU,10,20,23,1.53,17,1,3.47,4
S00540,Pediatrics,8,21,25,4.46,14,1,4.13,4
S00541,ICU,8,9,26,1.63,7,1,3.81,0
S00542,Pediatrics,12,8,21,2.24,8,4,4.34,1
S00543,ICU,8,22,23,2.16,4,4,1.22,3
S00544,ER,8,23,26,4.49,9,18,3.99,0
S00545,General Medicine,8,8,17,3.69,19,11,4.4,3
S00546,ER,10,11,29,4.19,5,1,2.14,0
S00547,General Medicine,10,14,18,2.0,15,10,3.56,4
S00548,ICU,12,22,28,3.5,2,9,2.26,3
S00549,Pediatrics,8,23,22,3.29,9,4,4.83,4
S00550,ER,8,8,20,4.33,10,6,1.13,3
S00551,General Medicine,12,14,19,4.62,10,16,3.32,2
S00552,ER,8,5,27,1.05,16,2,1.67,0
S00553,General Medicine,8,22,18,3.7,3,18,3.85,2
S00554,ER,10,9,22,1.21,3,10,1.7,0
S00555,General Medicine,12,19,15,3.2,16,17,1.94,1
S00556,General Medicine,12,21,28,2.15,8,13,2.98,3
S00557,ICU,12,7,23,2.23,18,18,4.66,1
S00558,General Medicine,12,16,15,2.41,4,13,1.85,1
S00559,ICU,10,6,22,3.49,5,17,1.58,0
S00560,General Medicine,10,5,18,2.34,2,5,4.04,2
S00561,Pediatrics,8,21,23,3.93,0,11,3.0,4
S00562,Pediatrics,8,20,28,2.62,19,7,4.65,0
S00563,Pediatrics,8,9,25,1.27,15,10,1.59,4
S00564,General Medicine,8,19,19,4.14,10,17,3.58,1
S00565,ICU,10,7,17,2.14,12,15,1.93,4
S00566,ICU,12,11,23,2.73,9,18,1.63,2
S00567,General Medicine,10,15,25,3.74,2,19,3.73,0
S00568,Pediatrics,8,14,28,2.33,8,2,3.37,2
S00569,Pediatrics,10,13,28,1.23,11,4,4.02,2
S00570,ICU,12,18,23,2.5,13,3,2.24,0
S00571,Pediatrics,12,17,18,4.78,0,7,2.79,2
S00572,ER,10,6,25,3.57,17,18,2.62,3
S00573,ICU,10,7,18,3.69,16,10,4.94,3
S00574,Pediatrics,10,11,26,3.53,8,7,2.17,3
S00575,ICU,8,22,22,1.8,8,8,2.18,4
S00576,ER,10,7,16,2.67,9,6,2.42,2
S00577,ICU,10,14,23,4.0,18,1,3.26,0
S00578,ICU,10,11,27,1.41,14,4,2.01,0
S00579,ICU,12,13,28,2.11,4,14,4.66,4
S00580,ICU,12,21,20,2.11,14,17,2.06,0
S00581,ER,8,15,23,2.73,19,18,4.58,3
S00582,General Medicine,8,11,22,4.92,1,11,1.41,2
S00583,ICU,12,18,29,1.27,12,14,3.63,0
S00584,ICU,12,23,29,3.07,15,9,4.63,0
S00585,Pediatrics,12,8,21,1.72,14,15,1.67,1
S00586,ICU,10,10,27,4.88,9,12,4.87,1
S00587,Pediatrics,10,14,28,1.45,13,10,2.81,1
S00588,General Medicine,12,11,15,2.61,9,19,4.78,2
S00589,ER,10,17,28,3.95,13,19,3.71,3
S00590,ER,10,18,26,3.82,8,6,2.21,3
S00591,General Medicine,8,8,17,2.69,13,6,1.75,3
S00592,ER,12,12,25,2.39,2,8,2.21,2
S00593,General Medicine,12,9,28,2.59,19,1,1.37,2
S00594,General Medicine,10,5,16,2.06,15,17,1.58,1
S00595,General Medicine,12,8,19,1.82,1,17,1.42,0
S00596,ER,8,7,29,2.93,9,15,2.69,4
S00597,Pediatrics,8,13,19,2.07,2,7,4.18,4
S00598,General Medicine,8,12,19,2.15,10,19,1.57,0
S00599,ICU,12,5,18,3.63,10,3,1.52,1
S00600,ER,12,10,19,4.87,12,11,3.57,0
S00601,General Medicine,12,13,17,3.41,6,19,1.79,0
S00602,General Medicine,12,11,26,1.31,16,9,1.39,4
S00603,ICU,12,8,15,1.3,1,10,1.67,1
S00604,Pediatrics,8,17,19,4.81,11,2,4.69,2
S00605,Pediatrics,10,21,27,2.19,9,1,4.29,4
S00606,Pediatrics,8,6,23,1.37,17,16,2.42,2
S00607,General Medicine,12,9,27,3.4,10,18,3.62,1
S00608,General Medicine,8,16,23,3.49,15,17,3.15,0
S00609,General Medicine,12,12,18,3.59,16,6,3.71,3
S00610,ER,12,10,17,2.07,18,14,3.73,3
S00611,ICU,8,12,15,1.06,17,15,3.51,1
S00612,General Medicine,12,22,16,4.86,2,14,2.06,3
S00613,ICU,10,7,22,2.0,15,3,1.16,2
S00614,ICU,12,16,15,3.7,5,19,2.82,3
S00615,Pediatrics,10,7,22,3.83,11,12,4.56,1
S00616,ER,10,10,27,3.44,10,2,3.28,1
S00617,General Medicine,12,6,21,2.25,14,3,4.33,2
S00618,Pediatrics,8,16,29,2.08,14,18,4.97,3
S00619,Pediatrics,10,6,22,3.39,15,1,1.65,3
S00620,General Medicine,8,10,26,4.46,9,6,3.77,0
S00621,ICU,10,21,20,4.79,11,5,3.7,4
S00622,Pediatrics,12,7,26,1.42,12,1,4.92,1
S00623,ICU,12,6,28,1.62,3,19,4.94,0
S00624,ER,10,24,29,4.78,6,1,3.75,1
S00625,ICU,12,12,29,3.95,1,16,1.97,0
S00626,ER,10,16,23,4.53,14,12,4.19,4
S00627,ICU,12,8,17,1.81,7,8,1.43,0
S00628,Pediatrics,8,9,24,3.35,6,16,4.12,1
S00629,Pediatrics,12,17,18,3.8,14,1,4.64,3
S00630,ER,8,19,27,3.72,13,4,2.53,1
S00631,General Medicine,12,20,20,2.63,7,10,3.52,2
S00632,ER,8,14,22,1.06,11,11,2.72,2
S00633,ER,12,20,19,3.33,12,17,2.75,2
S00634,ICU,8,16,17,2.01,10,7,2.24,2
S00635,ICU,10,21,20,2.8,16,12,4.05,4
S00636,ER,10,20,18,4.83,16,7,4.74,3
S00637,Pediatrics,8,16,23,2.6,3,12,4.76,3
S00638,ICU,12,12,27,4.36,7,15,1.7,1
S00639,General Medicine,8,24,17,1.75,4,2,4.5,0
S00640,ICU,12,7,18,3.69,15,14,3.95,1
S00641,ICU,10,20,21,4.91,3,13,2.01,1
S00642,General Medicine,12,17,21,1.41,14,4,1.27,1
S00643,ER,10,23,26,1.03,11,14,2.07,1
S00644,General Medicine,12,12,26,2.73,4,14,4.65,3
S00645,ER,12,9,18,1.37,15,16,3.53,0
S00646,ER,12,24,20,3.99,13,7,3.88,1
S00647,ER,8,12,26,4.66,9,19,2.03,3
S00648,General Medicine,8,16,27,2.74,6,2,3.88,1
S00649,ER,10,5,17,2.03,12,10,1.11,2
S00650,Pediatrics,10,24,20,2.74,19,18,2.5,1
S00651,General Medicine,8,10,26,3.89,4,17,3.51,1
S00652,Pediatrics,10,22,16,1.04,2,5,1.58,4
S00653,ER,8,12,22,3.36,14,12,4.29,2
S00654,ICU,12,11,16,3.45,3,6,1.94,0
S00655,ER,10,5,25,3.55,14,9,3.61,1
S00656,Pediatrics,10,20,21,1.97,13,1,2.62,0
S00657,Pediatrics,8,16,23,3.86,19,15,3.38,2
S00658,General Medicine,10,10,15,1.37,18,6,1.43,1
S00659,ICU,10,24,22,1.8,12,19,1.07,4
S00660,General Medicine,12,6,21,4.51,9,18,4.64,3
S00661,Pediatrics,10,18,20,3.95,4,6,2.08,4
S00662,ER,12,8,20,1.05,19,13,4.28,4
S00663,ICU,8,5,20,1.99,19,1,5.0,3
S00664,ER,10,22,23,1.86,5,13,1.85,3
S00665,ER,12,17,16,2.08,3,7,2.06,3
S00666,ICU,8,6,15,1.99,1,15,3.65,1
S00667,General Medicine,10,13,27,1.25,15,12,4.86,0
S00668,ER,8,6,26,2.84,17,1,4.66,0
S00669,Pediatrics,10,13,20,3.93,4,15,3.01,3
S00670,ER,8,5,24,3.43,3,4,4.18,4
S00671,ICU,8,15,25,3.69,12,13,1.54,2
S00672,ICU,12,7,22,1.32,18,5,4.91,3
S00673,ICU,8,24,17,4.81,1,2,4.86,4
S00674,General Medicine,10,8,26,4.35,12,1,1.65,4
S00675,ER,10,22,24,4.22,10,16,2.2,1
S00676,General Medicine,12,10,15,4.29,3,6,1.4,1
S00677,General Medicine,10,7,23,4.73,19,16,2.09,0
S00678,ICU,10,15,27,3.18,19,14,4.26,0
S00679,ICU,10,19,27,1.8,14,3,2.51,2
S00680,General Medicine,8,9,15,3.47,3,15,1.35,2
S00681,ER,8,24,17,3.97,8,3,2.37,2
S00682,Pediatrics,10,14,22,3.95,6,2,4.93,2
S00683,General Medicine,12,16,28,3.09,18,1,3.52,4
S00684,ER,8,19,17,1.27,18,9,2.66,4
S00685,ICU,12,21,27,2.48,5,9,1.67,0
S00686,ICU,10,14,18,4.68,5,7,4.94,1
S00687,ER,10,10,22,3.34,19,3,4.28,1
S00688,Pediatrics,8,22,15,3.15,14,18,2.13,3
S00689,ICU,10,17,27,2.08,14,11,1.28,4
S00690,ICU,8,7,27,2.47,19,7,1.23,2
S00691,ICU,10,14,20,4.58,8,9,1.48,2
S00692,ER,10,18,15,3.67,3,1,3.32,3
S00693,General Medicine,8,10,28,4.15,17,14,4.72,1
S00694,ICU,8,7,15,2.82,17,6,2.99,2
S00695,General Medicine,8,20,28,3.52,4,7,4.37,1
S00696,Pediatrics,10,11,22,1.99,19,10,2.78,3
S00697,ICU,10,24,25,3.82,10,7,3.83,1
S00698,ICU,12,18,18,2.71,4,2,3.93,1
S00699,Pediatrics,8,13,26,2.77,3,4,1.7,1
S00700,ICU,10,19,15,3.6,11,17,2.44,2
S00701,General Medicine,10,7,24,4.75,1,1,3.55,0
S00702,ER,8,6,21,1.26,12,10,1.28,4
S00703,General Medicine,12,6,19,4.3,9,19,2.45,1
S00704,ER,8,7,19,2.17,8,15,3.14,1
S00705,ER,12,22,15,2.78,9,10,4.98,1
S00706,General Medicine,10,18,28,1.09,6,19,2.9,0
S00707,General Medicine,12,24,24,2.2,3,12,4.26,3
S00708,General Medicine,10,22,25,3.01,18,16,2.73,2
S00709,General Medicine,8,14,20,1.22,9,9,4.19,0
S00710,Pediatrics,8,6,28,2.96,2,15,3.38,1
S00711,ICU,8,5,23,4.71,18,17,4.55,0
S00712,ER,12,8,23,1.42,1,14,2.64,0
S00713,General Medicine,10,18,22,4.06,19,18,3.42,0
S00714,General Medicine,8,5,19,2.64,9,2,3.52,3
S00715,General Medicine,8,18,15,3.62,1,4,2.67,4
S00716,Pediatrics,10,20,23,2.04,1,18,1.58,2
S00717,General Medicine,8,18,15,1.64,16,7,1.37,3
S00718,General Medicine,10,24,22,1.64,15,13,1.07,3
S00719,General Medicine,10,7,19,1.28,15,15,4.49,4
S00720,ICU,10,7,17,1.74,13,1,1.95,3
S00721,Pediatrics,10,13,25,3.66,6,11,1.85,0
S00722,General Medicine,10,10,21,4.53,10,10,3.94,0
S00723,ER,12,17,21,4.26,0,5,2.28,1
S00724,ER,8,6,23,3.74,10,16,3.02,3
S00725,ER,12,12,21,1.44,3,11,1.65,1
S00726,Pediatrics,8,6,27,2.16,6,6,4.84,2
S00727,Pediatrics,12,8,25,2.24,14,9,4.41,0
S00728,ER,10,19,28,2.0,17,13,4.46,2
S00729,General Medicine,8,8,17,3.06,11,8,2.63,4
S00730,Pediatrics,8,17,25,3.14,16,14,4.05,0
S00731,ER,12,16,27,2.43,0,1,1.58,2
S00732,ER,12,17,29,2.42,10,17,1.03,4
S00733,General Medicine,8,18,28,4.31,0,5,1.08,2
S00734,ICU,12,24,27,4.16,14,2,3.35,4
S00735,Pediatrics,12,22,15,2.23,9,9,2.82,4
S00736,General Medicine,12,10,22,4.66,6,4,3.07,0
S00737,ER,10,15,26,4.81,1,17,1.03,1
S00738,ER,10,6,17,2.31,9,17,2.69,4
S00739,General Medicine,12,23,26,2.42,3,18,3.87,4
S00740,Pediatrics,12,23,22,3.02,11,16,2.77,0
S00741,ICU,10,9,22,4.76,18,8,3.93,1
S00742,ICU,10,23,27,4.51,10,11,1.93,3
S00743,ER,8,6,19,1.41,7,18,4.25,3
S00744,Pediatrics,8,14,27,2.57,17,10,3.35,1
S00745,ICU,10,6,26,3.21,10,13,1.84,2
S00746,Pediatrics,12,15,27,3.01,10,17,1.95,0
S00747,Pediatrics,12,22,15,1.78,12,18,3.51,1
S00748,ER,12,19,27,4.44,2,10,4.32,3
S00749,ICU,12,13,24,3.71,11,16,2.66,4
S00750,General Medicine,8,23,21,4.35,2,5,2.03,3
S00751,ER,10,13,26,4.44,9,13,4.47,4
S00752,ICU,12,7,24,3.99,16,18,3.68,0
S00753,ICU,8,13,19,2.76,1,17,2.79,4
S00754,ICU,12,18,22,3.44,16,9,2.95,1
S00755,ICU,10,23,23,1.64,15,14,1.82,4
S00756,ICU,8,11,25,3.69,1,17,3.51,2
S00757,Pediatrics,10,20,28,1.72,19,4,2.43,1
S00758,ER,10,20,21,3.78,5,18,4.98,0
S00759,Pediatrics,8,5,28,1.92,9,15,2.92,1
S00760,General Medicine,8,8,27,1.47,9,11,2.94,2
S00761,ICU,8,8,29,1.66,7,12,3.26,0
S00762,ER,8,11,21,1.01,0,9,4.67,3
S00763,ICU,8,12,15,3.87,12,13,4.2,2
S00764,ER,8,21,29,3.93,8,15,2.8,0
S00765,Pediatrics,8,9,18,3.06,9,15,3.87,4
S00766,ER,12,11,16,1.65,14,5,3.34,1
S00767,General Medicine,10,24,16,1.33,4,19,2.97,0
S00768,General Medicine,8,24,16,1.08,15,14,1.77,1
S00769,ER,12,8,18,1.66,12,17,2.86,4
S00770,ER,12,10,28,4.56,19,18,1.98,0
S00771,ER,12,11,15,1.97,17,3,4.66,3
S00772,ER,10,22,29,2.42,10,2,2.34,2
S00773,General Medicine,8,9,18,1.42,8,1,4.81,0
S00774,ICU,12,24,16,1.89,15,10,3.13,4
S00775,ER,10,7,19,3.08,1,19,3.53,0
S00776,ER,10,11,17,3.43,1,17,3.17,1
S00777,General Medicine,10,18,29,1.98,11,12,1.52,0
S00778,General Medicine,12,11,26,1.23,7,1,2.5,3
S00779,Pediatrics,8,9,22,2.56,8,12,1.4,0
S00780,ER,12,9,18,1.94,11,17,3.49,2
S00781,Pediatrics,12,6,15,1.88,8,3,2.79,0
S00782,General Medicine,8,10,15,4.84,9,11,4.11,1
S00783,General Medicine,8,19,26,3.47,1,17,1.88,0
S00784,ICU,8,14,24,3.23,15,3,1.66,3
S00785,ER,10,11,17,2.66,19,8,2.63,4
S00786,Pediatrics,8,9,29,2.72,6,4,4.71,0
S00787,General Medicine,12,5,23,3.16,1,7,3.84,0
S00788,General Medicine,8,17,21,3.79,0,14,2.68,2
S00789,Pediatrics,12,22,16,3.81,18,14,3.07,3
S00790,ICU,10,17,29,1.69,3,4,1.34,4
S00791,General Medicine,12,22,27,3.0,1,16,4.94,1
S00792,ER,12,9,23,2.65,13,1,3.67,0
S00793,General Medicine,8,17,24,4.48,1,17,2.14,4
S00794,ER,8,8,16,3.53,14,10,3.34,1
S00795,Pediatrics,12,21,17,3.13,11,16,1.44,3
S00796,ER,8,7,25,1.46,4,16,4.86,3
S00797,Pediatrics,10,21,27,3.42,19,8,1.7,4
S00798,ER,10,15,24,1.47,6,7,3.59,1
S00799,Pediatrics,8,24,28,2.35,9,6,1.98,3
S00800,ER,10,8,16,1.57,13,16,3.87,4
S00801,ICU,8,6,17,3.77,13,16,4.11,3
S00802,ER,12,24,20,1.83,4,7,3.69,3
S00803,ER,12,20,23,2.57,17,9,3.46,3
S00804,ICU,10,22,23,4.58,13,14,4.57,2
S00805,General Medicine,8,12,21,1.82,1,11,1.31,1
S00806,General Medicine,8,7,26,3.03,11,14,2.32,4
S00807,ER,10,13,17,2.68,5,7,1.99,4
S00808,ICU,12,24,18,1.07,3,1,4.95,1
S00809,ER,10,10,20,4.17,12,13,2.56,1
S00810,Pediatrics,12,14,25,1.28,3,3,3.93,1
S00811,Pediatrics,8,14,19,2.9,13,4,3.74,1
S00812,ER,12,17,16,3.24,15,11,1.85,0
S00813,General Medicine,10,21,27,3.51,3,2,1.96,4
S00814,General Medicine,8,13,20,3.75,0,14,2.13,0
S00815,ER,10,21,17,2.01,12,12,2.64,3
S00816,ER,10,13,28,1.04,3,17,1.94,3
S00817,Pediatrics,12,13,22,3.89,19,12,1.08,4
S00818,General Medicine,10,5,16,3.14,17,12,4.52,3
S00819,ER,12,6,15,4.34,5,1,4.86,1
S00820,Pediatrics,8,20,23,4.29,2,13,2.37,0
S00821,General Medicine,12,5,28,4.37,12,14,2.35,1
S00822,ICU,8,14,26,2.94,15,2,1.03,3
S00823,Pediatrics,12,22,17,2.33,4,12,3.72,0
S00824,General Medicine,10,12,25,4.17,3,16,4.3,1
S00825,General Medicine,12,15,15,2.81,7,4,1.59,4
S00826,Pediatrics,12,6,21,1.73,18,8,1.64,1
S00827,ICU,8,12,27,4.42,13,2,4.16,3
S00828,Pediatrics,10,12,29,4.53,6,10,3.47,0
S00829,General Medicine,12,21,24,2.87,13,9,1.18,4
S00830,ER,10,19,19,1.3,5,15,3.49,0
S00831,ER,12,21,19,2.55,11,13,2.24,4
S00832,Pediatrics,12,17,28,4.21,15,17,2.47,0
S00833,General Medicine,10,23,15,4.61,16,16,4.08,3
S00834,ER,12,9,29,1.81,12,2,4.24,4
S00835,General Medicine,10,16,29,1.27,13,14,2.6,2
S00836,Pediatrics,12,5,23,4.51,6,3,4.79,0
S00837,ER,8,9,21,2.56,13,12,2.63,0
S00838,General Medicine,10,12,22,3.17,14,8,4.09,1
S00839,ER,12,17,23,4.87,11,2,2.94,4
S00840,Pediatrics,12,12,20,1.27,16,4,4.59,2
S00841,General Medicine,8,15,26,3.59,8,14,4.63,3
S00842,ER,10,5,19,1.3,14,16,1.35,1
S00843,Pediatrics,12,17,20,2.5,11,19,4.75,2
S00844,ER,8,23,25,4.22,1,2,4.3,4
S00845,ER,12,7,16,2.73,4,12,4.17,2
S00846,ICU,10,21,18,4.99,12,14,1.8,0
S00847,ICU,12,9,17,3.24,19,6,4.22,0
S00848,Pediatrics,12,24,27,2.28,7,13,4.4,1
S00849,ICU,12,12,21,1.88,13,4,2.16,4
S00850,Pediatrics,12,18,23,2.4,14,18,4.81,4
S00851,ICU,8,8,19,2.49,10,12,1.2,2
S00852,ER,8,15,20,1.27,0,19,1.6,1
S00853,Pediatrics,10,24,24,2.48,2,8,3.15,4
S00854,Pediatrics,8,19,28,2.86,16,7,3.3,0
S00855,ER,8,23,26,3.89,18,16,3.58,2
S00856,Pediatrics,10,11,26,3.63,13,19,1.07,3
S00857,Pediatrics,8,23,16,3.84,7,6,4.84,0
S00858,ICU,8,23,17,1.03,12,11,1.18,1
S00859,Pediatrics,10,15,17,1.87,19,5,1.57,4
S00860,General Medicine,10,9,26,3.65,2,16,1.06,0
S00861,ER,10,9,26,2.94,4,7,3.27,3
S00862,ICU,12,12,29,1.02,8,5,4.73,3
S00863,ICU,12,14,23,4.22,5,11,3.66,1
S00864,General Medicine,10,10,29,4.09,1,15,4.29,0
S00865,ER,10,19,21,3.19,12,3,1.05,2
S00866,ER,10,20,22,1.27,4,5,3.17,0
S00867,ICU,12,21,25,4.07,7,5,2.84,3
S00868,Pediatrics,12,12,24,3.33,0,9,3.0,1
S00869,ICU,8,12,25,4.13,19,15,1.29,1
S00870,ER,8,13,23,4.01,11,3,3.74,2
S00871,General Medicine,10,6,20,4.21,10,6,3.01,1
S00872,ICU,12,19,18,3.07,6,17,4.06,1
S00873,ER,12,22,26,1.56,14,8,2.94,1
S00874,ICU,12,7,15,3.68,10,11,1.6,1
S00875,Pediatrics,10,21,22,3.48,15,6,3.59,1
S00876,ICU,8,8,21,3.97,2,8,1.69,3
S00877,ICU,10,8,16,1.68,19,10,4.49,0
S00878,ER,8,18,22,1.78,13,3,3.45,4
S00879,ER,8,13,26,4.56,2,14,1.63,1
S00880,ER,10,13,19,4.0,0,14,4.85,4
S00881,ICU,8,22,21,4.63,14,10,3.07,4
S00882,Pediatrics,8,14,18,4.03,0,12,1.29,3
S00883,General Medicine,12,8,19,3.39,16,6,3.51,1
S00884,General Medicine,8,16,22,3.62,1,12,2.01,4
S00885,ER,10,12,15,4.56,19,14,4.21,1
S00886,ER,10,6,15,3.32,5,2,4.27,2
S00887,ICU,8,17,29,3.53,7,9,4.92,2
S00888,General Medicine,12,20,18,1.63,15,10,3.01,2
S00889,ER,12,6,17,2.9,18,17,2.82,4
S00890,Pediatrics,8,15,27,3.87,0,17,4.01,2
S00891,Pediatrics,8,14,24,2.08,2,3,1.53,3
S00892,ER,10,19,26,1.81,2,19,3.19,3
S00893,ER,8,21,16,2.26,4,1,3.18,4
S00894,General Medicine,12,12,26,1.97,11,12,1.36,1
S00895,General Medicine,8,22,17,1.86,11,7,2.67,0
S00896,ICU,10,13,25,2.7,19,4,4.41,1
S00897,General Medicine,10,12,29,4.63,12,10,4.42,1
S00898,Pediatrics,10,18,29,3.03,19,13,1.4,1
S00899,Pediatrics,10,22,25,1.75,8,2,1.36,1
S00900,ER,10,24,28,1.31,6,10,2.05,0
S00901,General Medicine,8,24,25,3.78,3,4,4.5,2
S00902,ICU,8,16,15,2.53,18,18,1.52,1
S00903,Pediatrics,8,23,15,4.29,18,5,3.88,3
S00904,Pediatrics,8,18,20,3.64,5,19,1.4,4
S00905,ICU,10,21,19,4.18,12,2,3.49,4
S00906,ICU,12,7,22,2.09,10,12,2.42,3
S00907,Pediatrics,8,11,16,3.77,12,17,4.16,1
S00908,Pediatrics,12,21,18,2.06,12,10,1.93,0
S00909,ICU,8,16,22,4.76,19,2,3.56,2
S00910,Pediatrics,8,13,26,3.55,14,6,1.94,4
S00911,ER,12,19,20,2.3,12,8,3.85,2
S00912,ER,10,22,15,2.08,10,19,4.49,0
S00913,ICU,8,17,29,1.76,18,11,1.51,4
S00914,General Medicine,8,12,18,3.78,7,12,4.47,2
S00915,ICU,8,18,15,1.87,19,9,3.37,0
S00916,ICU,12,12,27,3.38,7,2,1.51,2
S00917,General Medicine,10,18,16,2.06,9,8,2.71,1
S00918,General Medicine,12,11,19,3.65,15,11,1.64,0
S00919,General Medicine,12,16,28,4.26,18,4,3.8,2
S00920,ER,10,15,22,4.11,10,10,4.04,1
S00921,Pediatrics,12,15,22,4.04,12,16,1.42,1
S00922,ER,10,17,25,1.75,8,8,3.02,0
S00923,Pediatrics,8,22,17,1.35,19,4,4.26,3
S00924,ER,10,6,25,3.8,18,10,4.74,4
S00925,Pediatrics,8,19,27,2.47,15,12,3.05,0
S00926,ER,12,24,18,2.73,6,14,4.8,1
S00927,General Medicine,12,22,24,1.12,18,16,3.14,1
S00928,ICU,8,19,25,2.04,11,18,2.58,0
S00929,ER,12,23,28,1.13,14,12,4.39,3
S00930,Pediatrics,10,16,20,4.52,13,18,2.97,4
S00931,General Medicine,8,17,25,1.97,10,7,2.89,2
S00932,ER,12,15,25,3.23,9,7,2.96,0
S00933,ER,8,9,24,1.16,10,9,4.39,4
S00934,General Medicine,10,5,17,3.67,5,1,4.33,4
S00935,ER,10,7,16,2.29,1,6,2.61,1
S00936,ICU,12,23,20,4.59,10,6,2.33,2
S00937,ER,10,11,25,4.55,18,12,2.97,0
S00938,ICU,8,16,27,2.3,5,12,3.29,1
S00939,ICU,10,19,29,4.6,13,10,1.95,1
S00940,General Medicine,8,9,19,4.98,19,6,4.18,3
S00941,ER,8,19,28,4.3,5,17,2.95,4
S00942,General Medicine,10,12,24,4.38,16,19,2.34,0
S00943,ER,12,14,19,2.0,9,18,1.43,0
S00944,ER,10,20,24,3.31,0,6,1.96,0
S00945,Pediatrics,8,12,27,1.27,2,19,4.8,1
S00946,ER,8,5,19,1.38,7,10,2.22,3
S00947,General Medicine,10,16,24,5.0,7,8,1.68,2
S00948,ICU,12,9,26,2.31,19,6,2.84,1
S00949,ER,12,7,19,3.99,14,7,2.23,2
S00950,Pediatrics,8,5,17,4.23,6,1,1.14,3
S00951,General Medicine,8,8,21,4.43,10,18,2.29,4
S00952,ER,12,12,20,4.99,6,12,3.18,0
S00953,General Medicine,10,7,18,1.97,3,16,3.21,2
S00954,Pediatrics,8,14,16,1.16,11,10,2.43,1
S00955,Pediatrics,8,6,26,2.64,5,10,2.79,2
S00956,General Medicine,12,15,23,1.52,13,14,4.86,4
S00957,ER,10,14,15,1.09,11,10,2.51,0
S00958,ICU,12,18,27,2.44,10,10,2.03,2
S00959,Pediatrics,10,11,27,4.13,18,11,1.97,4
S00960,ER,10,6,25,3.26,4,2,2.83,1
S00961,ER,10,13,29,2.25,13,8,4.04,3
S00962,ICU,8,20,28,3.62,15,7,1.82,1
S00963,Pediatrics,12,17,18,1.93,12,8,3.84,0
S00964,Pediatrics,12,13,15,1.06,19,1,1.08,1
S00965,ER,10,24,27,4.06,3,2,2.68,1
S00966,ER,8,8,20,3.49,10,18,4.1,1
S00967,ICU,8,14,18,4.05,16,15,2.35,1
S00968,ICU,12,16,19,1.16,6,1,3.25,0
S00969,Pediatrics,8,21,19,4.35,13,5,1.82,4
S00970,General Medicine,8,18,23,3.48,10,2,3.97,2
S00971,Pediatrics,10,18,15,3.25,8,3,1.21,3
S00972,ER,8,6,27,3.5,12,19,4.41,2
S00973,Pediatrics,10,24,16,4.46,17,18,1.79,2
S00974,General Medicine,12,15,27,3.35,10,18,4.5,3
S00975,ICU,8,20,20,3.32,14,14,2.41,0
S00976,General Medicine,12,23,19,4.96,18,8,3.89,3
S00977,General Medicine,12,10,25,4.03,0,12,2.28,0
S00978,General Medicine,8,23,21,2.77,3,10,4.62,2
S00979,ICU,8,9,17,3.83,13,17,1.51,0
S00980,General Medicine,12,8,17,2.56,13,11,1.71,4
S00981,General Medicine,8,19,24,1.92,2,2,2.97,3
S00982,General Medicine,10,8,16,3.39,16,4,1.33,4
S00983,ER,10,24,27,4.71,2,1,1.78,2
S00984,General Medicine,8,14,17,4.72,15,15,4.78,3
S00985,ICU,12,7,24,2.37,13,13,4.91,2
S00986,General Medicine,8,9,15,3.11,19,8,2.51,4
S00987,General Medicine,8,10,19,1.85,12,4,4.69,2
S00988,ICU,12,12,28,4.98,14,10,3.18,3
S00989,General Medicine,12,11,29,4.92,13,19,2.08,3
S00990,ICU,10,14,26,3.6,18,18,3.81,2
S00991,General Medicine,12,10,19,4.22,5,5,3.64,3
S00992,ICU,10,18,26,3.86,9,19,4.96,3
S00993,General Medicine,12,8,25,3.37,14,16,2.06,2
S00994,General Medicine,8,17,21,1.21,19,1,3.69,4
S00995,ER,10,24,18,2.82,5,12,1.21,3
S00996,ER,10,21,17,3.7,9,2,1.45,3
S00997,General Medicine,10,11,15,3.71,6,8,1.02,3
S00998,General Medicine,8,8,26,2.49,16,18,5.0,3
S00999,Pediatrics,8,18,29,4.77,17,16,4.21,2
